{
    "targets": [
        "swap",
        "result"
    ],
    "passes": [
        {
            "name": "blurArea",
            "intarget": "minecraft:main",
            "outtarget": "swap",
            "uniforms": [
                {
                    "name": "BlurDir",
                    "values": [ 1.0, 0.0 ]
                },
                {
                    "name": "Radius",
                    "values": [ 20.0 ]
                }
            ]
        },
        {
            "name": "blurArea",
            "intarget": "swap",
            "outtarget": "result",
            "uniforms": [
                {
                    "name": "BlurDir",
                    "values": [ 0.0, 1.0 ]
                },
                {
                    "name": "Radius",
                    "values": [ 20.0 ]
                }
            ]
        }
    ]
}
